Index,Column,Value,Rank
34116,228,1,50
34116,313,2,27
34116,530,3,19
34116,540,1,51
34116,943,1,52
34116,1254,2,28
34116,1564,1,53
34116,1766,1,54
34116,1872,1,55
34116,1882,1,56
34116,2158,1,57
34116,2303,2,29
34116,2319,1,58
34116,2400,1,59
34116,2432,1,60
34116,2449,1,61
34116,2538,1,62
34116,2626,1,63
34116,2747,1,64
34116,2765,1,65
34116,3120,1,66
34116,3256,1,67
34116,3257,1,68
34116,3457,1,69
34116,3459,1,70
34116,3789,1,71
34116,3893,1,72
34116,4223,1,73
34116,4612,1,74
34116,4703,1,75
34116,4717,1,76
34116,4965,1,77
34116,4969,1,78
34116,5079,1,79
34116,5086,1,80
34116,5196,1,81
34116,5383,1,82
34116,5427,1,83
34116,5520,1,84
34116,5691,1,85
34116,5901,6,9
34116,6006,1,86
34116,6165,1,87
34116,6209,7,8
34116,6452,5,11
34116,6540,1,88
34116,6747,1,89
34116,7069,1,90
34116,7115,1,91
34116,7122,1,92
34116,7258,1,93
34116,7334,1,94
34116,7414,1,95
34116,7491,2,30
34116,7527,1,96
34116,7551,1,97
34116,7621,1,98
34116,7773,1,99
34116,7983,1,100
34116,8222,1,101
34116,8338,1,102
34116,8533,4,14
34116,8552,1,103
34116,8666,1,104
34116,8712,1,105
34116,8755,1,106
34116,8787,1,107
34116,8851,2,31
34116,8855,1,108
34116,8915,3,20
34116,8928,1,109
34116,9092,1,110
34116,9122,1,111
34116,9515,1,112
34116,9866,1,113
34116,9941,2,32
34116,9984,1,114
34116,10467,1,115
34116,10609,1,116
34116,10846,1,117
34116,11001,1,118
34116,11037,1,119
34116,11184,2,33
34116,11271,1,120
34116,11455,1,121
34116,11570,1,122
34116,11679,1,123
34116,11751,1,124
34116,11917,1,125
34116,12004,1,126
34116,12176,1,127
34116,12357,1,128
34116,12685,1,129
34116,12782,1,130
34116,12958,1,131
34116,13012,2,34
34116,13016,4,15
34116,13188,1,132
34116,13327,4,16
34116,13521,1,133
34116,13583,1,134
34116,13800,1,135
34116,13982,1,136
34116,14081,1,137
34116,14257,1,138
34116,14685,12,6
34116,14739,1,139
34116,14797,2,35
34116,14931,1,140
34116,15123,1,141
34116,15133,1,142
34116,15201,1,143
34116,15240,1,144
34116,15287,1,145
34116,15488,1,146
34116,15543,1,147
34116,15583,1,148
34116,15648,1,149
34116,16027,1,150
34116,16185,1,151
34116,16253,1,152
34116,16438,1,153
34116,16498,1,154
34116,16533,1,155
34116,16567,1,156
34116,16572,1,157
34116,16797,1,158
34116,17029,1,159
34116,17144,1,160
34116,17152,1,161
34116,17172,1,162
34116,17277,1,163
34116,17599,1,164
34116,17656,1,165
34116,17703,1,166
34116,18046,1,167
34116,18725,2,36
34116,18945,1,168
34116,18992,1,169
34116,19107,1,170
34116,19197,3,21
34116,19218,1,171
34116,19264,2,37
34116,19277,1,172
34116,19416,1,173
34116,19640,29,1
34116,19734,1,174
34116,19788,1,175
34116,20017,1,176
34116,20028,1,177
34116,20192,1,178
34116,20450,2,38
34116,20725,1,179
34116,20751,1,180
34116,20935,1,181
34116,21289,1,182
34116,21503,1,183
34116,21543,5,12
34116,21619,1,184
34116,21715,1,185
34116,21831,1,186
34116,21962,1,187
34116,22038,1,188
34116,22244,1,189
34116,22328,1,190
34116,22612,1,191
34116,22664,1,192
34116,22751,1,193
34116,22821,1,194
34116,22960,1,195
34116,22971,1,196
34116,22982,2,39
34116,23045,1,197
34116,23186,1,198
34116,23196,1,199
34116,23289,2,40
34116,23299,1,200
34116,23333,1,201
34116,23354,2,41
34116,23372,3,22
34116,23939,1,202
34116,23961,1,203
34116,23970,1,204
34116,24425,1,205
34116,24476,1,206
34116,24511,1,207
34116,24665,1,208
34116,24683,3,23
34116,25080,1,209
34116,25124,2,42
34116,25212,1,210
34116,25724,1,211
34116,25762,1,212
34116,25824,1,213
34116,25961,2,43
34116,25995,1,214
34116,26024,28,2
34116,26068,1,215
34116,26088,1,216
34116,26106,1,217
34116,26146,1,218
34116,26342,1,219
34116,26537,1,220
34116,26606,1,221
34116,26694,1,222
34116,26750,1,223
34116,26825,1,224
34116,27118,1,225
34116,27189,1,226
34116,27232,1,227
34116,27259,1,228
34116,27305,1,229
34116,27506,1,230
34116,27817,1,231
34116,27868,1,232
34116,28023,1,233
34116,28092,1,234
34116,28214,1,235
34116,28283,4,17
34116,28489,1,236
34116,28684,4,18
34116,28710,2,44
34116,28947,1,237
34116,29406,1,238
34116,29422,1,239
34116,29718,1,240
34116,30134,2,45
34116,30163,2,46
34116,30164,1,241
34116,30274,1,242
34116,30474,1,243
34116,30528,1,244
34116,30573,25,3
34116,30590,1,245
34116,30621,16,4
34116,30681,1,246
34116,31018,1,247
34116,31038,1,248
34116,31099,1,249
34116,31260,1,250
34116,31395,1,251
34116,31398,1,252
34116,31514,1,253
34116,31619,1,254
34116,31620,2,47
34116,31745,1,255
34116,31761,1,256
34116,31768,1,257
34116,31859,1,258
34116,32095,11,7
34116,32213,6,10
34116,32247,1,259
34116,32328,1,260
34116,32522,1,261
34116,32850,2,48
34116,32871,1,262
34116,33105,1,263
34116,33247,1,264
34116,33276,1,265
34116,33524,1,266
34116,33683,1,267
34116,33693,1,268
34116,34178,1,269
34116,34498,1,270
34116,34603,3,24
34116,34792,5,13
34116,34836,1,271
34116,34950,1,272
34116,35281,1,273
34116,35358,1,274
34116,35500,1,275
34116,35666,3,25
34116,35684,1,276
34116,35750,1,277
34116,35899,1,278
34116,35977,15,5
34116,36077,1,279
34116,36084,1,280
34116,36221,1,281
34116,36222,1,282
34116,36288,1,283
34116,36634,1,284
34116,36848,1,285
34116,36963,1,286
34116,36999,1,287
34116,37208,1,288
34116,37701,1,289
34116,37774,1,290
34116,37981,1,291
34116,38181,1,292
34116,38197,2,49
34116,38503,1,293
34116,38538,1,294
34116,38618,1,295
34116,38636,3,26
19251,10,4,7
19251,698,1,21
19251,999,1,22
19251,2316,1,23
19251,2433,1,24
19251,2714,1,25
19251,2817,4,8
19251,2940,1,26
19251,3850,1,27
19251,4764,1,28
19251,5318,1,29
19251,5865,2,11
19251,6135,22,2
19251,6496,2,12
19251,6715,1,30
19251,7692,1,31
19251,8885,1,32
19251,8887,31,1
19251,9915,1,33
19251,10565,15,4
19251,10917,1,34
19251,11734,1,35
19251,12468,2,13
19251,13411,2,14
19251,13712,1,36
19251,13809,1,37
19251,14286,1,38
19251,15202,17,3
19251,15365,2,15
19251,15598,1,39
19251,16115,5,6
19251,16548,1,40
19251,17275,1,41
19251,17315,1,42
19251,17768,1,43
19251,18790,1,44
19251,19310,1,45
19251,19811,1,46
19251,19859,1,47
19251,19893,1,48
19251,19973,1,49
19251,21823,1,50
19251,22425,1,51
19251,22564,1,52
19251,23117,1,53
19251,26177,1,54
19251,26506,1,55
19251,27031,1,56
19251,27386,1,57
19251,27421,1,58
19251,28084,1,59
19251,28348,1,60
19251,29019,1,61
19251,30215,1,62
19251,30226,1,63
19251,30655,2,16
19251,31635,2,17
19251,31849,1,64
19251,31856,4,9
19251,32390,1,65
19251,32621,1,66
19251,32725,1,67
19251,33509,2,18
19251,33594,1,68
19251,34346,4,10
19251,34859,1,69
19251,34988,1,70
19251,35055,1,71
19251,35570,1,72
19251,35572,1,73
19251,37033,2,19
19251,37553,9,5
19251,37717,1,74
19251,37724,2,20
19251,38260,1,75
22985,38,1,65
22985,41,2,30
22985,286,1,66
22985,344,1,67
22985,422,1,68
22985,451,1,69
22985,469,1,70
22985,639,3,22
22985,741,1,71
22985,930,1,72
22985,1015,1,73
22985,1186,1,74
22985,1286,1,75
22985,1352,3,23
22985,1355,1,76
22985,1482,7,9
22985,1513,1,77
22985,1658,1,78
22985,1686,2,31
22985,1766,2,32
22985,1828,2,33
22985,2187,1,79
22985,2347,1,80
22985,2660,5,15
22985,2735,3,24
22985,2794,1,81
22985,3105,1,82
22985,3190,1,83
22985,3215,1,84
22985,3479,1,85
22985,3513,1,86
22985,3531,1,87
22985,3587,7,10
22985,3720,1,88
22985,3756,1,89
22985,3964,1,90
22985,4050,1,91
22985,4132,1,92
22985,4314,1,93
22985,4349,1,94
22985,4352,1,95
22985,4517,1,96
22985,4573,1,97
22985,4673,1,98
22985,4727,1,99
22985,4848,24,1
22985,4849,1,100
22985,4857,2,34
22985,5111,11,4
22985,5169,1,101
22985,5307,1,102
22985,5401,5,16
22985,5474,1,103
22985,5536,1,104
22985,5740,4,19
22985,5889,1,105
22985,6007,1,106
22985,6032,1,107
22985,6178,1,108
22985,6362,2,35
22985,6409,1,109
22985,6598,1,110
22985,6746,5,17
22985,6928,1,111
22985,7005,2,36
22985,7055,1,112
22985,7157,18,3
22985,7159,1,113
22985,7342,1,114
22985,7447,1,115
22985,7462,2,37
22985,7606,1,116
22985,7698,1,117
22985,7846,1,118
22985,8040,1,119
22985,8115,1,120
22985,8194,1,121
22985,8252,1,122
22985,8441,1,123
22985,8481,1,124
22985,8605,8,8
22985,8668,1,125
22985,8917,1,126
22985,9003,2,38
22985,9160,2,39
22985,9198,1,127
22985,9231,1,128
22985,9299,1,129
22985,9314,1,130
22985,9723,1,131
22985,9942,1,132
22985,10052,1,133
22985,10118,1,134
22985,10186,1,135
22985,10412,1,136
22985,10424,1,137
22985,10506,3,25
22985,10517,1,138
22985,10534,1,139
22985,10579,1,140
22985,10610,1,141
22985,10659,1,142
22985,10865,1,143
22985,10919,1,144
22985,11289,1,145
22985,11303,1,146
22985,11314,1,147
22985,11477,4,20
22985,11550,1,148
22985,11760,1,149
22985,11814,6,12
22985,11917,1,150
22985,12029,1,151
22985,12120,1,152
22985,12134,1,153
22985,12333,11,5
22985,12430,1,154
22985,12879,1,155
22985,12912,2,40
22985,12968,1,156
22985,13037,1,157
22985,13152,2,41
22985,13164,2,42
22985,13358,1,158
22985,13360,1,159
22985,13367,1,160
22985,13775,1,161
22985,13868,1,162
22985,13955,1,163
22985,13970,1,164
22985,13972,1,165
22985,14091,1,166
22985,14256,1,167
22985,14325,1,168
22985,14379,1,169
22985,14425,1,170
22985,14447,1,171
22985,14479,1,172
22985,14683,1,173
22985,14781,1,174
22985,14793,2,43
22985,14798,2,44
22985,14804,1,175
22985,14855,1,176
22985,14897,1,177
22985,14933,1,178
22985,15123,1,179
22985,15568,1,180
22985,15598,1,181
22985,15672,3,26
22985,15831,1,182
22985,15856,1,183
22985,15950,1,184
22985,16097,1,185
22985,16195,1,186
22985,16217,1,187
22985,16498,1,188
22985,16704,1,189
22985,16766,1,190
22985,17060,2,45
22985,17103,1,191
22985,17124,1,192
22985,17148,1,193
22985,17313,1,194
22985,17409,1,195
22985,17480,1,196
22985,17578,1,197
22985,17602,1,198
22985,17656,1,199
22985,17671,1,200
22985,17906,1,201
22985,18046,1,202
22985,18051,2,46
22985,18121,1,203
22985,18223,1,204
22985,18261,1,205
22985,18311,1,206
22985,18773,1,207
22985,18865,1,208
22985,18945,1,209
22985,19034,1,210
22985,19239,1,211
22985,19454,3,27
22985,19671,1,212
22985,19716,1,213
22985,19788,1,214
22985,20104,1,215
22985,20151,1,216
22985,20349,1,217
22985,20410,2,47
22985,20467,1,218
22985,20514,1,219
22985,20953,1,220
22985,20978,1,221
22985,21024,2,48
22985,21195,1,222
22985,21360,6,13
22985,21458,1,223
22985,21492,1,224
22985,21515,1,225
22985,21674,1,226
22985,21682,1,227
22985,21827,1,228
22985,21948,2,49
22985,22235,1,229
22985,22260,1,230
22985,22359,1,231
22985,22365,1,232
22985,22475,3,28
22985,22484,1,233
22985,22540,1,234
22985,22557,1,235
22985,22698,1,236
22985,22716,1,237
22985,22752,1,238
22985,22753,1,239
22985,22841,1,240
22985,22868,1,241
22985,22927,1,242
22985,22934,6,14
22985,23186,1,243
22985,23313,1,244
22985,23379,1,245
22985,23554,1,246
22985,23589,1,247
22985,23747,1,248
22985,23938,2,50
22985,23961,1,249
22985,23970,1,250
22985,24348,1,251
22985,24455,7,11
22985,24664,2,51
22985,24828,1,252
22985,24919,1,253
22985,25079,1,254
22985,25241,1,255
22985,25552,1,256
22985,25737,1,257
22985,25774,2,52
22985,25849,1,258
22985,26039,1,259
22985,26312,1,260
22985,26386,1,261
22985,26428,1,262
22985,26496,1,263
22985,26498,1,264
22985,26575,1,265
22985,26623,2,53
22985,26699,2,54
22985,26730,1,266
22985,26937,1,267
22985,27275,1,268
22985,27283,1,269
22985,27394,1,270
22985,27480,1,271
22985,27553,1,272
22985,27757,1,273
22985,27928,1,274
22985,28009,1,275
22985,28053,1,276
22985,28171,1,277
22985,28515,2,55
22985,28529,1,278
22985,28575,1,279
22985,28719,1,280
22985,28761,1,281
22985,28889,2,56
22985,28935,1,282
22985,29345,1,283
22985,29476,1,284
22985,29808,1,285
22985,30074,1,286
22985,30146,2,57
22985,30163,1,287
22985,30184,1,288
22985,30285,1,289
22985,30294,21,2
22985,30431,1,290
22985,30811,1,291
22985,30850,1,292
22985,30863,1,293
22985,30961,2,58
22985,31126,1,294
22985,31227,1,295
22985,31252,2,59
22985,31308,1,296
22985,31442,1,297
22985,31504,1,298
22985,31505,1,299
22985,31620,1,300
22985,31685,1,301
22985,31709,5,18
22985,31859,1,302
22985,31893,1,303
22985,31921,1,304
22985,32101,1,305
22985,32166,1,306
22985,32247,1,307
22985,32253,1,308
22985,32370,11,6
22985,32379,1,309
22985,32406,1,310
22985,32431,1,311
22985,32553,2,60
22985,32561,2,61
22985,32580,1,312
22985,32608,2,62
22985,32623,1,313
22985,32641,1,314
22985,32720,1,315
22985,32871,2,63
22985,33266,1,316
22985,33367,1,317
22985,33411,1,318
22985,33596,1,319
22985,33778,11,7
22985,33818,1,320
22985,34005,1,321
22985,34058,1,322
22985,34085,1,323
22985,34233,1,324
22985,34402,1,325
22985,34604,1,326
22985,34838,1,327
22985,34935,1,328
22985,35487,1,329
22985,35567,1,330
22985,35586,1,331
22985,35648,1,332
22985,35797,1,333
22985,35855,1,334
22985,35994,1,335
22985,36155,3,29
22985,36168,1,336
22985,36280,4,21
22985,36375,1,337
22985,36571,1,338
22985,36714,1,339
22985,36771,1,340
22985,36894,1,341
22985,37011,1,342
22985,37083,1,343
22985,37109,1,344
22985,37220,1,345
22985,37575,1,346
22985,37774,1,347
22985,37793,1,348
22985,37894,1,349
22985,37950,2,64
22985,38396,1,350
22985,38409,1,351
32956,433,1,19
32956,899,1,20
32956,1017,1,21
32956,1166,1,22
32956,1496,2,11
32956,1533,1,23
32956,1677,1,24
32956,2117,1,25
32956,2200,1,26
32956,2483,1,27
32956,3885,1,28
32956,3900,1,29
32956,3985,2,12
32956,4340,1,30
32956,4613,1,31
32956,4972,1,32
32956,5005,1,33
32956,5117,2,13
32956,5263,1,34
32956,5483,1,35
32956,5571,1,36
32956,5669,1,37
32956,5815,1,38
32956,6119,1,39
32956,6132,1,40
32956,6156,1,41
32956,6359,3,8
32956,6590,1,42
32956,6591,1,43
32956,7690,1,44
32956,7731,15,2
32956,7759,1,45
32956,7905,1,46
32956,7922,1,47
32956,8574,1,48
32956,8989,1,49
32956,9359,1,50
32956,9390,1,51
32956,9449,1,52
32956,9470,1,53
32956,9707,1,54
32956,9822,1,55
32956,9907,1,56
32956,10521,2,14
32956,10893,1,57
32956,11072,1,58
32956,11163,1,59
32956,11437,1,60
32956,12339,1,61
32956,12466,1,62
32956,13260,3,9
32956,14350,2,15
32956,14796,1,63
32956,15176,1,64
32956,15813,9,3
32956,15824,1,65
32956,16221,1,66
32956,16227,1,67
32956,16312,1,68
32956,16616,1,69
32956,16760,1,70
32956,16864,1,71
32956,16873,1,72
32956,17068,1,73
32956,17227,1,74
32956,17238,1,75
32956,17398,1,76
32956,17586,1,77
32956,17618,1,78
32956,17666,1,79
32956,17890,1,80
32956,17910,1,81
32956,17993,1,82
32956,18013,1,83
32956,18518,1,84
32956,19116,1,85
32956,19446,1,86
32956,19486,1,87
32956,19969,1,88
32956,20573,1,89
32956,20945,1,90
32956,21398,1,91
32956,21615,1,92
32956,21621,4,5
32956,21886,1,93
32956,21966,1,94
32956,22073,1,95
32956,22345,1,96
32956,22880,1,97
32956,22914,1,98
32956,23000,1,99
32956,23781,1,100
32956,23924,1,101
32956,23941,1,102
32956,24073,1,103
32956,24203,1,104
32956,24213,1,105
32956,24297,1,106
32956,24414,1,107
32956,24820,1,108
32956,24885,1,109
32956,25247,1,110
32956,26156,1,111
32956,26599,2,16
32956,26723,3,10
32956,27453,1,112
32956,27791,1,113
32956,27977,1,114
32956,28040,1,115
32956,28140,1,116
32956,28429,18,1
32956,28897,1,117
32956,28996,1,118
32956,29202,2,17
32956,29456,1,119
32956,30269,2,18
32956,30357,1,120
32956,30498,1,121
32956,30732,1,122
32956,30835,1,123
32956,30984,1,124
32956,32987,1,125
32956,33191,1,126
32956,34494,1,127
32956,34712,1,128
32956,34965,4,6
32956,34986,1,129
32956,35976,1,130
32956,36803,1,131
32956,37136,1,132
32956,37161,1,133
32956,37266,4,7
32956,37494,1,134
32956,37542,1,135
32956,37619,5,4
32956,37690,1,136
32956,37906,1,137
32956,38014,1,138
32956,38176,1,139
32956,38504,1,140
32956,38521,1,141
32956,38630,1,142
14610,103,1,22
14610,155,1,23
14610,383,1,24
14610,805,1,25
14610,917,1,26
14610,1156,1,27
14610,1457,6,3
14610,1809,1,28
14610,2523,2,11
14610,2624,1,29
14610,2791,1,30
14610,3101,1,31
14610,3342,1,32
14610,3817,1,33
14610,3888,1,34
14610,3993,1,35
14610,4026,1,36
14610,4035,1,37
14610,4552,1,38
14610,5790,5,4
14610,5902,3,7
14610,6353,1,39
14610,6614,2,12
14610,7543,1,40
14610,7675,1,41
14610,8062,9,2
14610,8733,1,42
14610,8943,1,43
14610,9110,1,44
14610,9228,1,45
14610,9619,2,13
14610,10578,1,46
14610,10839,1,47
14610,11229,1,48
14610,11556,1,49
14610,11631,1,50
14610,11638,1,51
14610,11653,1,52
14610,11932,1,53
14610,12251,1,54
14610,12878,11,1
14610,12996,1,55
14610,13184,1,56
14610,13712,1,57
14610,14036,1,58
14610,14046,1,59
14610,14454,2,14
14610,14633,4,5
14610,15164,1,60
14610,15407,1,61
14610,15569,2,15
14610,15582,1,62
14610,15753,1,63
14610,16384,1,64
14610,17164,1,65
14610,18886,1,66
14610,18972,2,16
14610,19592,1,67
14610,19772,1,68
14610,20043,3,8
14610,21052,1,69
14610,21093,1,70
14610,21255,1,71
14610,21843,3,9
14610,21989,1,72
14610,22099,1,73
14610,22685,1,74
14610,22917,1,75
14610,22925,1,76
14610,23402,1,77
14610,23881,1,78
14610,24807,2,17
14610,25115,2,18
14610,25614,1,79
14610,25702,1,80
14610,26533,1,81
14610,26729,1,82
14610,27072,1,83
14610,27607,1,84
14610,28299,4,6
14610,28470,1,85
14610,28763,1,86
14610,28778,1,87
14610,29142,1,88
14610,29887,1,89
14610,30612,1,90
14610,31072,1,91
14610,31111,1,92
14610,31275,1,93
14610,32014,1,94
14610,32055,1,95
14610,32287,2,19
14610,34332,1,96
14610,34525,1,97
14610,34681,1,98
14610,34759,2,20
14610,35007,1,99
14610,35683,1,100
14610,35874,1,101
14610,36066,1,102
14610,36793,1,103
14610,36805,1,104
14610,37033,1,105
14610,37227,1,106
14610,37432,1,107
14610,37855,1,108
14610,38136,3,10
14610,38367,2,21
14610,38502,1,109
139,175,1,130
139,189,2,84
139,403,1,131
139,636,3,64
139,720,1,132
139,885,1,133
139,939,1,134
139,996,4,45
139,1197,1,135
139,1413,1,136
139,1535,1,137
139,1569,1,138
139,1595,13,14
139,1663,2,85
139,1706,1,139
139,1719,2,86
139,1744,1,140
139,1757,1,141
139,1770,2,87
139,1817,3,65
139,1936,1,142
139,1941,1,143
139,2311,1,144
139,2358,2,88
139,2413,1,145
139,2445,1,146
139,2521,1,147
139,2566,1,148
139,2599,1,149
139,2635,8,24
139,2734,1,150
139,2787,1,151
139,2849,1,152
139,2914,1,153
139,3212,1,154
139,3300,1,155
139,3333,1,156
139,3345,1,157
139,3479,2,89
139,3487,1,158
139,3614,1,159
139,3694,1,160
139,3815,1,161
139,3821,2,90
139,4122,2,91
139,4123,1,162
139,4208,1,163
139,4467,2,92
139,4618,1,164
139,4655,1,165
139,4708,1,166
139,4853,1,167
139,4856,4,46
139,4909,1,168
139,4950,1,169
139,5080,1,170
139,5118,2,93
139,5153,1,171
139,5328,1,172
139,5345,6,32
139,5353,9,19
139,5361,1,173
139,5381,1,174
139,5476,1,175
139,5563,1,176
139,5644,1,177
139,5650,1,178
139,5682,2,94
139,5814,1,179
139,5945,1,180
139,6030,1,181
139,6125,1,182
139,6140,1,183
139,6211,1,184
139,6349,4,47
139,6454,18,12
139,6589,1,185
139,7088,1,186
139,7120,6,33
139,7253,1,187
139,7308,28,6
139,7345,2,95
139,7448,1,188
139,7591,21,10
139,7605,1,189
139,7619,10,18
139,7745,3,66
139,7888,1,190
139,8195,1,191
139,8251,1,192
139,8292,2,96
139,8393,1,193
139,8397,2,97
139,8430,1,194
139,8499,1,195
139,8630,1,196
139,8651,1,197
139,8980,1,198
139,8994,1,199
139,9055,4,48
139,9070,1,200
139,9364,1,201
139,9420,6,34
139,9446,4,49
139,9472,1,202
139,9506,1,203
139,9511,1,204
139,9614,1,205
139,9628,1,206
139,9655,1,207
139,9686,1,208
139,9699,6,35
139,10031,1,209
139,10113,1,210
139,10235,1,211
139,10241,41,5
139,10391,2,98
139,10419,1,212
139,10545,2,99
139,10666,2,100
139,10722,2,101
139,10742,1,213
139,10751,58,2
139,10823,4,50
139,10885,3,67
139,11057,1,214
139,11419,1,215
139,11603,1,216
139,11622,1,217
139,11646,11,16
139,11760,1,218
139,11792,3,68
139,11800,1,219
139,11938,2,102
139,12034,1,220
139,12088,2,103
139,12161,1,221
139,12268,1,222
139,12452,8,25
139,12510,1,223
139,12561,7,29
139,12655,2,104
139,12676,1,224
139,12686,1,225
139,13067,1,226
139,13134,4,51
139,13202,5,41
139,13207,6,36
139,13232,1,227
139,13290,4,52
139,13352,1,228
139,13362,7,30
139,13366,55,3
139,13686,9,20
139,13702,1,229
139,13738,1,230
139,13901,1,231
139,14185,5,42
139,14204,1,232
139,14241,1,233
139,14528,24,7
139,14734,2,105
139,14793,1,234
139,14803,1,235
139,14971,1,236
139,15433,1,237
139,15460,1,238
139,15492,1,239
139,15507,1,240
139,15517,1,241
139,15567,1,242
139,15615,1,243
139,15985,1,244
139,16149,1,245
139,16194,2,106
139,16255,1,246
139,16282,1,247
139,16393,1,248
139,16633,1,249
139,16737,13,15
139,16765,1,250
139,16798,3,69
139,16875,1,251
139,16984,3,70
139,17230,9,21
139,17247,2,107
139,17401,1,252
139,17687,1,253
139,17718,1,254
139,17759,6,37
139,17797,1,255
139,17885,3,71
139,18010,1,256
139,18064,2,108
139,18099,2,109
139,18178,3,72
139,18183,1,257
139,18209,2,110
139,18248,1,258
139,18274,1,259
139,18298,1,260
139,18455,1,261
139,18499,1,262
139,18604,1,263
139,18703,1,264
139,18773,1,265
139,18882,3,73
139,18902,1,266
139,18929,6,38
139,18948,2,111
139,18958,2,112
139,18998,1,267
139,19177,3,74
139,19733,1,268
139,19872,1,269
139,19981,24,8
139,20070,2,113
139,20128,1,270
139,20209,1,271
139,20220,1,272
139,20241,1,273
139,20580,2,114
139,20812,2,115
139,20826,1,274
139,20848,8,26
139,20962,1,275
139,21235,1,276
139,21298,1,277
139,21319,1,278
139,21334,1,279
139,21462,1,280
139,21510,1,281
139,21556,1,282
139,21616,1,283
139,21687,1,284
139,21992,1,285
139,22038,3,75
139,22055,3,76
139,22058,1,286
139,22365,4,53
139,22555,1,287
139,22756,1,288
139,22779,1,289
139,22949,1,290
139,22998,1,291
139,23407,9,22
139,23465,1,292
139,23481,2,116
139,23721,1,293
139,23894,1,294
139,24010,1,295
139,24104,1,296
139,24263,1,297
139,24373,1,298
139,24605,2,117
139,24785,11,17
139,24874,1,299
139,24925,1,300
139,24933,2,118
139,25119,7,31
139,25251,1,301
139,25456,1,302
139,25548,5,43
139,25591,4,54
139,25633,1,303
139,25717,1,304
139,25736,1,305
139,25945,1,306
139,26276,1,307
139,26356,3,77
139,26443,1,308
139,26498,1,309
139,26509,1,310
139,26636,8,27
139,26720,4,55
139,26813,1,311
139,26992,1,312
139,26999,43,4
139,27006,3,78
139,27043,1,313
139,27158,1,314
139,27224,1,315
139,27263,1,316
139,27463,4,56
139,27646,1,317
139,27827,1,318
139,27836,1,319
139,27862,1,320
139,28029,5,44
139,28428,1,321
139,28540,1,322
139,28581,4,57
139,28687,1,323
139,28774,1,324
139,28960,9,23
139,29038,1,325
139,29040,6,39
139,29070,1,326
139,29163,1,327
139,29187,20,11
139,29423,1,328
139,29437,1,329
139,29559,1,330
139,29694,8,28
139,29793,2,119
139,29798,1,331
139,29841,1,332
139,29844,1,333
139,30009,1,334
139,30187,1,335
139,30402,1,336
139,30610,1,337
139,30693,1,338
139,30810,1,339
139,30839,1,340
139,30926,1,341
139,30992,1,342
139,31013,1,343
139,31173,3,79
139,31221,2,120
139,31365,1,344
139,31372,1,345
139,31386,101,1
139,31558,1,346
139,31590,1,347
139,31729,1,348
139,32206,1,349
139,32228,1,350
139,32341,1,351
139,32361,1,352
139,32485,1,353
139,32607,1,354
139,32616,4,58
139,32649,1,355
139,32702,1,356
139,32803,2,121
139,33059,1,357
139,33182,1,358
139,33195,1,359
139,33235,2,122
139,33277,1,360
139,33350,1,361
139,33369,1,362
139,33467,1,363
139,33500,2,123
139,33543,1,364
139,33583,1,365
139,33637,1,366
139,33683,2,124
139,33708,1,367
139,33786,1,368
139,33837,1,369
139,33922,1,370
139,33955,1,371
139,34051,1,372
139,34066,1,373
139,34329,1,374
139,34355,1,375
139,34419,1,376
139,34524,1,377
139,34639,14,13
139,34683,1,378
139,34983,4,59
139,35161,4,60
139,35297,1,379
139,35343,1,380
139,35442,1,381
139,35482,1,382
139,35494,4,61
139,35545,3,80
139,35646,1,383
139,35648,3,81
139,35934,1,384
139,35996,1,385
139,36169,1,386
139,36540,2,125
139,36563,4,62
139,36667,1,387
139,36764,1,388
139,36872,1,389
139,36916,1,390
139,37109,1,391
139,37252,2,126
139,37309,1,392
139,37318,24,9
139,37333,1,393
139,37401,1,394
139,37544,4,63
139,37610,2,127
139,37672,3,82
139,37808,1,395
139,38010,1,396
139,38015,1,397
139,38031,3,83
139,38088,6,40
139,38116,2,128
139,38127,1,398
139,38129,1,399
139,38220,1,400
139,38260,2,129
139,38343,1,401
139,38351,1,402
139,38797,1,403
7368,1114,3,3
7368,1761,1,9
7368,2575,1,10
7368,3916,1,11
7368,3921,1,12
7368,4512,1,13
7368,5366,1,14
7368,5404,2,6
7368,6962,1,15
7368,8140,1,16
7368,8563,1,17
7368,8999,1,18
7368,9011,1,19
7368,9938,1,20
7368,10045,1,21
7368,10405,1,22
7368,12288,7,1
7368,13528,1,23
7368,13629,1,24
7368,15551,1,25
7368,15768,1,26
7368,15978,1,27
7368,16735,1,28
7368,18417,3,4
7368,18516,1,29
7368,18896,1,30
7368,19441,1,31
7368,19611,1,32
7368,19684,1,33
7368,21016,2,7
7368,21996,1,34
7368,22007,1,35
7368,22424,1,36
7368,22537,1,37
7368,23310,1,38
7368,23811,2,8
7368,24644,1,39
7368,26535,1,40
7368,27617,7,2
7368,27773,1,41
7368,29315,1,42
7368,30597,1,43
7368,31107,1,44
7368,31762,1,45
7368,32790,1,46
7368,33805,1,47
7368,34768,1,48
7368,35042,1,49
7368,38619,3,5
7368,38762,1,50
5271,29,1,94
5271,279,2,41
5271,329,1,95
5271,490,1,96
5271,529,1,97
5271,555,1,98
5271,689,1,99
5271,701,1,100
5271,940,1,101
5271,1058,1,102
5271,1306,1,103
5271,1380,1,104
5271,1407,1,105
5271,1459,2,42
5271,1485,1,106
5271,1504,1,107
5271,1627,1,108
5271,1650,1,109
5271,1678,1,110
5271,1801,1,111
5271,1868,10,8
5271,1877,1,112
5271,1928,2,43
5271,1956,1,113
5271,2034,1,114
5271,2064,1,115
5271,2113,1,116
5271,2455,1,117
5271,2467,1,118
5271,2512,1,119
5271,2739,1,120
5271,2834,4,24
5271,2886,1,121
5271,2987,1,122
5271,3024,1,123
5271,3075,1,124
5271,3141,1,125
5271,3148,1,126
5271,3159,1,127
5271,3198,1,128
5271,3218,2,44
5271,3239,1,129
5271,3269,1,130
5271,3468,1,131
5271,3553,1,132
5271,3796,1,133
5271,3953,1,134
5271,3958,1,135
5271,3993,1,136
5271,3999,1,137
5271,4006,1,138
5271,4227,1,139
5271,4265,1,140
5271,4454,1,141
5271,4581,1,142
5271,4625,1,143
5271,4650,1,144
5271,4736,1,145
5271,4907,1,146
5271,5026,4,25
5271,5033,1,147
5271,5090,1,148
5271,5113,1,149
5271,5141,1,150
5271,5142,1,151
5271,5148,1,152
5271,5523,1,153
5271,5719,2,45
5271,5884,1,154
5271,6102,1,155
5271,6273,2,46
5271,6385,1,156
5271,6412,1,157
5271,6426,1,158
5271,6432,1,159
5271,6614,1,160
5271,6650,2,47
5271,6665,1,161
5271,6761,1,162
5271,6820,1,163
5271,6824,1,164
5271,6826,1,165
5271,7013,1,166
5271,7031,1,167
5271,7082,4,26
5271,7136,1,168
5271,7296,1,169
5271,7320,1,170
5271,7345,1,171
5271,7529,1,172
5271,7592,1,173
5271,7630,9,12
5271,7682,2,48
5271,7719,2,49
5271,7868,1,174
5271,7872,3,31
5271,8054,1,175
5271,8125,6,15
5271,8294,28,6
5271,8389,1,176
5271,8471,1,177
5271,8478,2,50
5271,8783,1,178
5271,8806,1,179
5271,8833,6,16
5271,8888,1,180
5271,8944,4,27
5271,9067,1,181
5271,9080,1,182
5271,9154,1,183
5271,9217,1,184
5271,9365,1,185
5271,9412,1,186
5271,9413,2,51
5271,9418,1,187
5271,9492,1,188
5271,9641,1,189
5271,9938,1,190
5271,9951,1,191
5271,9954,2,52
5271,9992,3,32
5271,10051,1,192
5271,10137,1,193
5271,10168,1,194
5271,10220,1,195
5271,10262,1,196
5271,10276,2,53
5271,10295,1,197
5271,10329,1,198
5271,10463,1,199
5271,10654,1,200
5271,10702,3,33
5271,10747,1,201
5271,10766,1,202
5271,10834,1,203
5271,10839,2,54
5271,10855,1,204
5271,10892,1,205
5271,10949,2,55
5271,10966,1,206
5271,11124,1,207
5271,11162,1,208
5271,11308,1,209
5271,11331,4,28
5271,11397,1,210
5271,11451,1,211
5271,11601,1,212
5271,11665,1,213
5271,11766,2,56
5271,11870,1,214
5271,11889,1,215
5271,11994,1,216
5271,12038,2,57
5271,12054,1,217
5271,12099,1,218
5271,12413,1,219
5271,12583,1,220
5271,12636,1,221
5271,12732,1,222
5271,12783,1,223
5271,12848,1,224
5271,12887,1,225
5271,13008,2,58
5271,13026,1,226
5271,13174,1,227
5271,13221,1,228
5271,13249,1,229
5271,13292,1,230
5271,13335,1,231
5271,13403,9,13
5271,13417,1,232
5271,13433,1,233
5271,13577,1,234
5271,13641,1,235
5271,13689,2,59
5271,13695,1,236
5271,13775,1,237
5271,13849,1,238
5271,13892,1,239
5271,14301,1,240
5271,14328,1,241
5271,14336,1,242
5271,14376,1,243
5271,14492,2,60
5271,14707,1,244
5271,14892,1,245
5271,15169,3,34
5271,15359,3,35
5271,15407,1,246
5271,15632,1,247
5271,15691,1,248
5271,15839,1,249
5271,15871,1,250
5271,15990,2,61
5271,16066,1,251
5271,16119,10,9
5271,16125,1,252
5271,16424,2,62
5271,16495,1,253
5271,16536,1,254
5271,16541,1,255
5271,16621,1,256
5271,16628,1,257
5271,16631,1,258
5271,16696,1,259
5271,16889,1,260
5271,16892,1,261
5271,16916,1,262
5271,16923,2,63
5271,16941,3,36
5271,16980,1,263
5271,17007,1,264
5271,17037,1,265
5271,17086,1,266
5271,17120,5,20
5271,17232,1,267
5271,17395,1,268
5271,17680,6,17
5271,17713,1,269
5271,17741,2,64
5271,17773,1,270
5271,17776,1,271
5271,17850,1,272
5271,18045,2,65
5271,18100,43,4
5271,18187,1,273
5271,18238,1,274
5271,18277,1,275
5271,18303,1,276
5271,18445,1,277
5271,18494,1,278
5271,18538,1,279
5271,18586,2,66
5271,18613,1,280
5271,18695,1,281
5271,18712,1,282
5271,18726,1,283
5271,18869,1,284
5271,18886,1,285
5271,19173,2,67
5271,19626,1,286
5271,19651,1,287
5271,19836,2,68
5271,19864,1,288
5271,19961,1,289
5271,20140,2,69
5271,20334,1,290
5271,20357,1,291
5271,20644,1,292
5271,20734,1,293
5271,20796,2,70
5271,20818,2,71
5271,20976,1,294
5271,21083,84,2
5271,21086,1,295
5271,21162,1,296
5271,21374,1,297
5271,21394,6,18
5271,21982,1,298
5271,21989,1,299
5271,22000,1,300
5271,22021,1,301
5271,22061,44,3
5271,22067,2,72
5271,22090,1,302
5271,22151,1,303
5271,22224,1,304
5271,22281,2,73
5271,22439,1,305
5271,22517,1,306
5271,22545,1,307
5271,22697,1,308
5271,22705,1,309
5271,22764,1,310
5271,22862,1,311
5271,22917,3,37
5271,22933,1,312
5271,22994,1,313
5271,23104,1,314
5271,23251,1,315
5271,23296,1,316
5271,23466,1,317
5271,23470,1,318
5271,23476,1,319
5271,23528,1,320
5271,23607,1,321
5271,23729,1,322
5271,23826,1,323
5271,23889,1,324
5271,23893,3,38
5271,23988,1,325
5271,23996,2,74
5271,24159,1,326
5271,24367,1,327
5271,24472,1,328
5271,24757,1,329
5271,24862,1,330
5271,24907,1,331
5271,24962,2,75
5271,24983,1,332
5271,25027,1,333
5271,25172,1,334
5271,25243,1,335
5271,25290,3,39
5271,25412,1,336
5271,25696,1,337
5271,25738,1,338
5271,25778,2,76
5271,25914,1,339
5271,25922,1,340
5271,25932,1,341
5271,26058,1,342
5271,26061,2,77
5271,26124,1,343
5271,26164,1,344
5271,26177,1,345
5271,26256,1,346
5271,26273,1,347
5271,26377,1,348
5271,26410,5,21
5271,26476,1,349
5271,26490,1,350
5271,26530,1,351
5271,26642,5,22
5271,26647,87,1
5271,26666,1,352
5271,26680,1,353
5271,26697,1,354
5271,26726,38,5
5271,26854,1,355
5271,27037,1,356
5271,27042,1,357
5271,27226,1,358
5271,27359,2,78
5271,27369,1,359
5271,27397,1,360
5271,27535,5,23
5271,27667,1,361
5271,27742,2,79
5271,27777,1,362
5271,27792,1,363
5271,27912,4,29
5271,27922,1,364
5271,27926,1,365
5271,28254,2,80
5271,28326,1,366
5271,28346,1,367
5271,28461,1,368
5271,28555,1,369
5271,28910,1,370
5271,28925,1,371
5271,28971,2,81
5271,28986,1,372
5271,29012,1,373
5271,29213,1,374
5271,29303,1,375
5271,29355,1,376
5271,29632,1,377
5271,29645,1,378
5271,29690,1,379
5271,29702,1,380
5271,29733,1,381
5271,29738,1,382
5271,30322,1,383
5271,30399,2,82
5271,30420,1,384
5271,30531,1,385
5271,30739,1,386
5271,30843,1,387
5271,30862,1,388
5271,30882,1,389
5271,30919,1,390
5271,30939,1,391
5271,31077,1,392
5271,31195,1,393
5271,31210,1,394
5271,31397,2,83
5271,31665,1,395
5271,31793,1,396
5271,31805,1,397
5271,31807,1,398
5271,31897,1,399
5271,32002,1,400
5271,32068,1,401
5271,32294,1,402
5271,32321,1,403
5271,32443,1,404
5271,32470,1,405
5271,32614,1,406
5271,32651,1,407
5271,32719,1,408
5271,32837,1,409
5271,32913,1,410
5271,33052,1,411
5271,33092,1,412
5271,33209,2,84
5271,33223,15,7
5271,33244,1,413
5271,33378,4,30
5271,33444,1,414
5271,33674,3,40
5271,33732,2,85
5271,33805,1,415
5271,33852,1,416
5271,33871,1,417
5271,33898,1,418
5271,33939,1,419
5271,33941,1,420
5271,34098,1,421
5271,34103,2,86
5271,34147,1,422
5271,34166,1,423
5271,34168,1,424
5271,34464,1,425
5271,34597,1,426
5271,34681,1,427
5271,34685,1,428
5271,34895,1,429
5271,34926,2,87
5271,34948,1,430
5271,34997,1,431
5271,35017,1,432
5271,35077,6,19
5271,35328,1,433
5271,35364,10,10
5271,35636,1,434
5271,35683,8,14
5271,35841,1,435
5271,35874,1,436
5271,35902,2,88
5271,36006,2,89
5271,36196,1,437
5271,36218,1,438
5271,36230,1,439
5271,36363,1,440
5271,36398,1,441
5271,36462,1,442
5271,36681,1,443
5271,36732,2,90
5271,36777,1,444
5271,36793,1,445
5271,36816,1,446
5271,36981,1,447
5271,37007,1,448
5271,37017,2,91
5271,37221,1,449
5271,37230,1,450
5271,37407,1,451
5271,37802,1,452
5271,37859,1,453
5271,38183,10,11
5271,38338,1,454
5271,38342,1,455
5271,38374,1,456
5271,38377,1,457
5271,38478,1,458
5271,38524,1,459
5271,38568,2,92
5271,38576,1,460
5271,38599,1,461
5271,38627,1,462
5271,38645,1,463
5271,38659,2,93
19682,25,1,67
19682,66,1,68
19682,129,1,69
19682,141,2,34
19682,332,1,70
19682,341,1,71
19682,357,1,72
19682,514,1,73
19682,733,1,74
19682,796,1,75
19682,817,1,76
19682,954,1,77
19682,1019,1,78
19682,1149,1,79
19682,1231,1,80
19682,1268,1,81
19682,1295,1,82
19682,1405,1,83
19682,1427,1,84
19682,1559,2,35
19682,1577,1,85
19682,1686,1,86
19682,1749,1,87
19682,1819,1,88
19682,1822,1,89
19682,1889,1,90
19682,1930,1,91
19682,2424,1,92
19682,2480,1,93
19682,2679,1,94
19682,2809,1,95
19682,2859,1,96
19682,2978,1,97
19682,3215,1,98
19682,3283,1,99
19682,3352,1,100
19682,3390,1,101
19682,3459,2,36
19682,3801,1,102
19682,4153,2,37
19682,4269,6,11
19682,4446,1,103
19682,4527,1,104
19682,4533,1,105
19682,4673,3,22
19682,4677,1,106
19682,4699,4,16
19682,4753,3,23
19682,4832,1,107
19682,4859,3,24
19682,4916,1,108
19682,4983,1,109
19682,5070,1,110
19682,5075,1,111
19682,5123,1,112
19682,5265,1,113
19682,5371,10,6
19682,5465,1,114
19682,5515,1,115
19682,5791,1,116
19682,6022,1,117
19682,6098,1,118
19682,6142,1,119
19682,6151,1,120
19682,6173,1,121
19682,6206,1,122
19682,6277,1,123
19682,6373,1,124
19682,6541,1,125
19682,6569,1,126
19682,6615,1,127
19682,6845,1,128
19682,6965,1,129
19682,7253,3,25
19682,7262,1,130
19682,7291,1,131
19682,7339,1,132
19682,7352,1,133
19682,7544,7,9
19682,7608,1,134
19682,7828,1,135
19682,7900,1,136
19682,7928,1,137
19682,7977,1,138
19682,8117,1,139
19682,8239,1,140
19682,8276,1,141
19682,8277,3,26
19682,8455,1,142
19682,8533,1,143
19682,8592,1,144
19682,8705,1,145
19682,8994,1,146
19682,9004,1,147
19682,9159,1,148
19682,9255,1,149
19682,9284,1,150
19682,9286,1,151
19682,9314,1,152
19682,9364,1,153
19682,9392,1,154
19682,9497,1,155
19682,9837,1,156
19682,10213,1,157
19682,10218,1,158
19682,10461,1,159
19682,10484,1,160
19682,10677,1,161
19682,10803,1,162
19682,10956,1,163
19682,11001,1,164
19682,11071,1,165
19682,11175,1,166
19682,11222,1,167
19682,11251,1,168
19682,11760,1,169
19682,11949,1,170
19682,11956,1,171
19682,11962,1,172
19682,12019,1,173
19682,12092,1,174
19682,12176,7,10
19682,12225,1,175
19682,12316,4,17
19682,12341,1,176
19682,12578,1,177
19682,12696,1,178
19682,12785,1,179
19682,12971,1,180
19682,13039,1,181
19682,13043,1,182
19682,13311,1,183
19682,13323,1,184
19682,13379,2,38
19682,13532,1,185
19682,13735,1,186
19682,13746,1,187
19682,13835,1,188
19682,13881,1,189
19682,13902,3,27
19682,14198,1,190
19682,14549,2,39
19682,14624,2,40
19682,14650,2,41
19682,14820,1,191
19682,14886,1,192
19682,14914,1,193
19682,14931,1,194
19682,14943,2,42
19682,15071,1,195
19682,15097,1,196
19682,15113,1,197
19682,15260,1,198
19682,15264,1,199
19682,15273,1,200
19682,15364,1,201
19682,15605,1,202
19682,15615,1,203
19682,15701,1,204
19682,15842,1,205
19682,15857,2,43
19682,15977,1,206
19682,15998,1,207
19682,16068,1,208
19682,16100,13,4
19682,16191,2,44
19682,16238,1,209
19682,16267,1,210
19682,16377,1,211
19682,16617,1,212
19682,16636,2,45
19682,16653,2,46
19682,16654,1,213
19682,16973,1,214
19682,17103,1,215
19682,17124,1,216
19682,17126,1,217
19682,17437,1,218
19682,17516,1,219
19682,17606,2,47
19682,17729,1,220
19682,17777,1,221
19682,17819,1,222
19682,18009,4,18
19682,18099,1,223
19682,18109,1,224
19682,18128,1,225
19682,18173,1,226
19682,18185,1,227
19682,18239,1,228
19682,18386,1,229
19682,18428,1,230
19682,18429,1,231
19682,18653,1,232
19682,18681,1,233
19682,18687,1,234
19682,18692,1,235
19682,18740,2,48
19682,18915,1,236
19682,19032,1,237
19682,19099,1,238
19682,19517,1,239
19682,19520,1,240
19682,19552,1,241
19682,19616,2,49
19682,19667,2,50
19682,19677,1,242
19682,19736,1,243
19682,19769,1,244
19682,19897,11,5
19682,20006,1,245
19682,20076,1,246
19682,20229,1,247
19682,20250,1,248
19682,20291,1,249
19682,20467,1,250
19682,20475,1,251
19682,20520,1,252
19682,20557,1,253
19682,20747,1,254
19682,20884,1,255
19682,20897,1,256
19682,21139,1,257
19682,21265,1,258
19682,21403,1,259
19682,21674,1,260
19682,21686,1,261
19682,21747,1,262
19682,21880,2,51
19682,22053,1,263
19682,22152,1,264
19682,22457,1,265
19682,22997,1,266
19682,23004,1,267
19682,23019,1,268
19682,23077,1,269
19682,23188,1,270
19682,23302,3,28
19682,23519,2,52
19682,23546,1,271
19682,23766,1,272
19682,23861,1,273
19682,23977,10,7
19682,24395,2,53
19682,24410,1,274
19682,24476,1,275
19682,24619,1,276
19682,24683,1,277
19682,24718,1,278
19682,24760,1,279
19682,25021,1,280
19682,25051,2,54
19682,25179,17,3
19682,25198,1,281
19682,25214,3,29
19682,25271,1,282
19682,25326,1,283
19682,25447,1,284
19682,25659,1,285
19682,25674,2,55
19682,25740,1,286
19682,26044,1,287
19682,26098,1,288
19682,26111,2,56
19682,26143,1,289
19682,26153,1,290
19682,26310,1,291
19682,26332,1,292
19682,26461,1,293
19682,26812,1,294
19682,26932,1,295
19682,26938,1,296
19682,26971,8,8
19682,27054,1,297
19682,27065,1,298
19682,27423,2,57
19682,27432,1,299
19682,28151,1,300
19682,28294,1,301
19682,28363,1,302
19682,28459,1,303
19682,28512,5,12
19682,28529,1,304
19682,28589,1,305
19682,28623,1,306
19682,28642,3,30
19682,28968,1,307
19682,29166,1,308
19682,29209,5,13
19682,29312,1,309
19682,29564,3,31
19682,29784,1,310
19682,29847,1,311
19682,29868,1,312
19682,30021,1,313
19682,30081,1,314
19682,30085,1,315
19682,30127,27,2
19682,30159,1,316
19682,30223,2,58
19682,30229,4,19
19682,30319,2,59
19682,30412,2,60
19682,30460,1,317
19682,30559,1,318
19682,30562,1,319
19682,30577,1,320
19682,30633,2,61
19682,30650,1,321
19682,30660,1,322
19682,30918,1,323
19682,30982,1,324
19682,31055,1,325
19682,31194,1,326
19682,31203,1,327
19682,31288,1,328
19682,31514,1,329
19682,31521,4,20
19682,31595,1,330
19682,31802,1,331
19682,31875,4,21
19682,31934,1,332
19682,32044,1,333
19682,32095,1,334
19682,32107,3,32
19682,32276,1,335
19682,32368,1,336
19682,32386,1,337
19682,32623,1,338
19682,32851,1,339
19682,32968,5,14
19682,33003,1,340
19682,33094,3,33
19682,33113,1,341
19682,33172,1,342
19682,33195,1,343
19682,33355,1,344
19682,33490,2,62
19682,33491,1,345
19682,33664,1,346
19682,33782,5,15
19682,33786,1,347
19682,33908,1,348
19682,34081,1,349
19682,34233,1,350
19682,34265,1,351
19682,34317,1,352
19682,34526,1,353
19682,34705,1,354
19682,34739,1,355
19682,34836,1,356
19682,34877,1,357
19682,35148,1,358
19682,35153,2,63
19682,35276,1,359
19682,35356,1,360
19682,35412,1,361
19682,35437,1,362
19682,35522,1,363
19682,35600,1,364
19682,35622,1,365
19682,35680,1,366
19682,35690,2,64
19682,35779,1,367
19682,35838,1,368
19682,36078,1,369
19682,36109,1,370
19682,36200,2,65
19682,36385,58,1
19682,36387,1,371
19682,36473,1,372
19682,36704,1,373
19682,36721,1,374
19682,36781,1,375
19682,36830,1,376
19682,37013,1,377
19682,37340,1,378
19682,37382,1,379
19682,37395,1,380
19682,37478,1,381
19682,37576,1,382
19682,37586,1,383
19682,37696,1,384
19682,37771,1,385
19682,37794,1,386
19682,38296,2,66
19682,38344,1,387
19682,38448,1,388
19682,38492,1,389
19682,38516,1,390
19682,38543,1,391
5094,13426,1,1
5094,14056,1,2
5094,18967,1,3
5094,19347,1,4
5094,21248,1,5
5094,21534,1,6
5094,25661,1,7
5094,26268,1,8
5094,30263,1,9
5094,30714,1,10
5094,32329,1,11
5094,34252,1,12
5094,37412,1,13
5094,38548,1,14
30754,598,1,25
30754,762,2,14
30754,1295,1,26
30754,1449,1,27
30754,2392,1,28
30754,2426,1,29
30754,2757,1,30
30754,3106,1,31
30754,3425,2,15
30754,3667,2,16
30754,4446,1,32
30754,4675,1,33
30754,5116,3,12
30754,5250,1,34
30754,5372,1,35
30754,5813,1,36
30754,6210,1,37
30754,6340,1,38
30754,6764,1,39
30754,7034,1,40
30754,8223,2,17
30754,8358,1,41
30754,8880,1,42
30754,9087,1,43
30754,9613,1,44
30754,9930,5,7
30754,10030,1,45
30754,10073,5,8
30754,10282,1,46
30754,10833,1,47
30754,10985,1,48
30754,11596,1,49
30754,11613,1,50
30754,12218,33,1
30754,12843,1,51
30754,13171,7,5
30754,13660,1,52
30754,13947,1,53
30754,14179,1,54
30754,15177,6,6
30754,15247,1,55
30754,15404,1,56
30754,16575,1,57
30754,16768,2,18
30754,17118,1,58
30754,17868,1,59
30754,18610,2,19
30754,19125,1,60
30754,19255,1,61
30754,19694,1,62
30754,19797,1,63
30754,20216,1,64
30754,20266,1,65
30754,20404,8,4
30754,20789,1,66
30754,20858,1,67
30754,20956,1,68
30754,21026,1,69
30754,22370,2,20
30754,22376,1,70
30754,23200,2,21
30754,23518,1,71
30754,23975,1,72
30754,24612,1,73
30754,25355,1,74
30754,26696,4,9
30754,26778,1,75
30754,27239,18,2
30754,27781,1,76
30754,28082,1,77
30754,28715,1,78
30754,28727,1,79
30754,28743,1,80
30754,29023,4,10
30754,29376,1,81
30754,29610,1,82
30754,29949,14,3
30754,30108,1,83
30754,30948,3,13
30754,31214,1,84
30754,31794,2,22
30754,31819,1,85
30754,31898,2,23
30754,32382,1,86
30754,32527,1,87
30754,33213,1,88
30754,33350,1,89
30754,33845,1,90
30754,34674,1,91
30754,35148,1,92
30754,36409,1,93
30754,36617,4,11
30754,37274,1,94
30754,38212,1,95
30754,38363,1,96
30754,38650,2,24
30754,38738,1,97
21887,3345,1,8
21887,4322,1,9
21887,5075,1,10
21887,6454,1,11
21887,7712,1,12
21887,8480,1,13
21887,9165,1,14
21887,10031,1,15
21887,10035,1,16
21887,10798,1,17
21887,11800,1,18
21887,11828,1,19
21887,12172,1,20
21887,12487,1,21
21887,14353,1,22
21887,14803,4,2
21887,15243,1,23
21887,15348,1,24
21887,15902,1,25
21887,16377,1,26
21887,16517,2,3
21887,18355,1,27
21887,18557,1,28
21887,18566,1,29
21887,18765,1,30
21887,22239,1,31
21887,25649,1,32
21887,26129,2,4
21887,27183,1,33
21887,28628,1,34
21887,28660,2,5
21887,30854,1,35
21887,30926,6,1
21887,31623,1,36
21887,32981,2,6
21887,33182,1,37
21887,37040,1,38
21887,37318,1,39
21887,37401,1,40
21887,38551,2,7
